0,1,2,3,4,5,6,7,8,9,10,11,12,13,14,15,16,17,18,19,20,21,22,23,24,25,26,27,28,29,30,31,32,33,34,35
1.0,0.0,0.0,0.0,0.0,0.0,0.0,0.0,0.0,0.0,0.0,0.0,0.0,0.0,0.0,0.0,0.0,0.0,0.8854269650308427,2.12493328239533e-05,0.006891849102809622,3.760727217107824e-06,0.02633781850582522,0.05591468298534929,0.00014143774345797239,0.00015938450095763536,0.06530936919807992,0.005186647217956721,0.00010753525339605816,7.909930346628253e-06,0.001624227776962636,0.001694222067207541,0.024507724204901164,4.726664509983908e-05,0.00018244178425116361,0.001194790743832867
1.0,0.0,0.0,0.0,0.0,0.0,0.0,0.0,0.0,0.0,0.0,0.0,0.0,0.0,0.0,0.0,0.0,0.0,0.9490674279046959,0.00021860905278951615,0.010174062505281335,0.0010333986194666547,0.0010190241493914288,0.000538666800800957,5.8571932404203053e-05,0.00037562346180482973,0.045480926636670346,0.07874700769447518,0.0002706319493804219,1.5077427141003475e-05,1.6553767712527927e-05,0.0003744440601855827,7.738527867067327e-06,0.018191950517416906,0.017683461857523522,3.024555567837513e-05
1.0,0.0,0.0,0.0,0.0,0.0,0.0,0.0,0.0,0.0,0.0,0.0,0.0,0.0,0.0,0.0,0.0,0.0,0.9292298195201977,0.00016710224362108798,0.014048042936550539,6.948503940369336e-05,0.010153610064608333,0.0026706808742611855,3.557787648355506e-05,0.0007379501551803583,0.029547154007245124,0.0475743351661269,4.3615482968483737e-05,3.860266509871597e-06,0.0002281688812998618,0.00012879663086409946,3.6254367048030854e-05,0.007687673898521154,0.001220447082004119,7.15452943720535e-05
1.0,0.0,0.0,0.0,0.0,0.0,0.0,0.0,0.0,0.0,0.0,0.0,0.0,0.0,0.0,0.0,0.0,0.0,0.9452912116957484,5.284798746135579e-05,0.006543149447471635,8.907688526489161e-06,0.0012787705084493066,0.04796444816113051,0.009569359049798378,6.7928369110025286e-06,0.0040070963793443415,0.024502784776023398,8.219340343261752e-07,2.23641155741486e-06,0.0004643420306856863,0.0017211051399735743,0.0030770220563339735,0.00013140913425076128,0.0011246052144835423,0.00010859510170571676
1.0,0.0,0.0,0.0,0.0,0.0,0.0,0.0,0.0,0.0,0.0,0.0,0.0,0.0,0.0,0.0,0.0,0.0,0.9304471105538799,1.2437162669588652e-05,0.0007955659156279916,1.551537352217771e-06,0.017258506842920397,0.06659576225057134,0.00021602330564502364,0.00010356201908301823,0.019431924189753022,0.0015525948916414842,7.014774185506206e-05,1.2875970152559524e-06,0.0016729025715396279,0.008850687068442832,0.043402850499557215,0.00018378794173452953,0.0005208050972356728,0.0006643385656260859
1.0,0.0,0.0,0.0,0.0,0.0,0.0,0.0,0.0,0.0,0.0,0.0,0.0,0.0,0.0,0.0,0.0,0.0,0.982169734977713,4.617062107070397e-05,0.0005934334352357178,8.20414728062408e-05,0.010445345081931784,0.0004394903505065885,8.002714450544957e-06,0.0009837425102934196,0.04172585164267711,0.003459461465374997,0.010988448881432819,1.1929584133997782e-06,6.79284829530116e-05,0.009209402993928539,0.0007237416364735423,0.018025791478841126,0.007407698262560273,0.0005229124795649131
1.0,0.0,0.0,0.0,0.0,0.0,0.0,0.0,0.0,0.0,0.0,0.0,0.0,0.0,0.0,0.0,0.0,0.0,0.9703001661265789,2.7620474136953687e-05,0.0008000870123886636,5.523763569443554e-06,0.026690588558765386,0.039244671537663776,3.8237090553188e-05,0.0006334482096184451,0.03288238867186509,0.009766370244755445,0.0003829845649414625,2.4623374301632196e-06,0.000488896553985521,0.0024154014595152056,0.0043495034558834736,0.0009586582055062514,0.0010722738766200425,0.00497375650562636
1.0,0.0,0.0,0.0,0.0,0.0,0.0,0.0,0.0,0.0,0.0,0.0,0.0,0.0,0.0,0.0,0.0,0.0,0.9180799877224984,0.00016880247247639174,0.020171742337630395,3.6776924630403076e-06,0.0688607144721169,0.0028612155384920646,2.0085110857363174e-05,0.0005037027955048662,0.020948332499333287,0.014245599636647423,3.079969932568228e-05,5.980168590208722e-07,0.001955256852117774,0.0010862675553031313,0.003227274977102149,0.0004961074088362656,2.4179341069090556e-05,2.5429111579120556e-05
0.0,1.0,0.0,0.0,0.0,0.0,0.0,0.0,0.0,0.0,0.0,0.0,0.0,0.0,0.0,0.0,0.0,0.0,0.0005888640315249782,0.9270440173746238,0.0012934788212348646,0.0002014232757585404,0.0004871629817950571,9.486852370829431e-05,0.00037376894909092506,0.0007645746044262659,1.8872755495693094e-07,0.060544347221985484,0.00039232338097912664,0.00013630925380641855,0.0002544718352380363,0.0003408983213881497,0.0020677197229998947,0.047076102905974755,0.02467341505621698,0.0001275209103329322
0.0,1.0,0.0,0.0,0.0,0.0,0.0,0.0,0.0,0.0,0.0,0.0,0.0,0.0,0.0,0.0,0.0,0.0,0.003192803649135278,0.9770540524548924,0.0016720256698798744,9.875702234909654e-05,0.0017296047135249492,5.090456978720124e-05,0.0032250573088703355,0.0022081945838413504,8.467750578715107e-07,0.06395905325230493,0.001116882685176079,7.17750984306409e-05,0.0005511962161738267,0.00015260456128448328,0.0018711947827193176,0.009046121349446181,0.06633135707202953,0.00019512999871955687
0.0,1.0,0.0,0.0,0.0,0.0,0.0,0.0,0.0,0.0,0.0,0.0,0.0,0.0,0.0,0.0,0.0,0.0,0.00011314244480968713,0.9907105862340172,0.004431644918917753,0.016672933177643515,0.0047292259832319985,3.827870769393221e-06,0.000635131778576174,0.03786332259837849,1.4416247394230661e-05,0.01164793412339649,0.014188087059509937,0.000796249928274657,0.0006323992617361599,0.003759406292123891,0.0002521694836511495,0.00026485086594324063,0.0017221152611168909,0.00011936530016147713
0.0,1.0,0.0,0.0,0.0,0.0,0.0,0.0,0.0,0.0,0.0,0.0,0.0,0.0,0.0,0.0,0.0,0.0,0.00019586627776033489,0.9838745315620857,0.042666697915196124,0.0017251974930116863,0.00827549734319299,6.086088691533014e-06,0.0012118880639196143,0.0060462080717698765,2.5075054064875298e-06,0.01093618953887234,0.0023695115018389254,0.0004483300412868141,0.0020205161632901158,0.008246186198074386,0.001783267322072064,0.0003432403782270237,0.0003632630094456427,3.0614938582600565e-05
0.0,1.0,0.0,0.0,0.0,0.0,0.0,0.0,0.0,0.0,0.0,0.0,0.0,0.0,0.0,0.0,0.0,0.0,0.0017924308556237028,0.9496499973555215,0.0005194508961983757,5.1132379939240535e-05,0.0003361402418730629,0.0002365125825846365,0.00588196311648239,0.0004223326890633901,5.104618291628999e-07,0.05113965377568125,0.0008948763745977826,0.00010131878532456865,0.001381997475295567,0.00039274983116052177,0.014279249691282147,0.002058088483392109,0.039293105981018685,0.0004233112738812277
0.0,1.0,0.0,0.0,0.0,0.0,0.0,0.0,0.0,0.0,0.0,0.0,0.0,0.0,0.0,0.0,0.0,0.0,4.6982402483695025e-06,0.9386237716154417,0.006696509811428587,0.015100609857232897,6.579932435203545e-05,2.950976827925725e-05,0.001320424746102184,0.0758945076492665,4.09405393346404e-06,0.00030794738344618023,0.0008014679472358448,0.027766645031586778,0.02297413945673138,0.0001765054869551427,7.866196542282974e-05,0.00356679369064541,0.00029292225970344125,0.0030864127630707127
0.0,1.0,0.0,0.0,0.0,0.0,0.0,0.0,0.0,0.0,0.0,0.0,0.0,0.0,0.0,0.0,0.0,0.0,5.650753838833288e-05,0.9621338209732727,6.76573975421416e-05,0.007473264011237478,0.013920507133161331,6.710286954335896e-05,0.07898762327041776,0.011192250668956339,1.577221235986812e-06,0.05501535556876214,0.0006408991102752604,4.13503497601182e-05,0.0003353291346726366,0.0011954241336170556,0.00032594810375219,0.013549003049305789,0.004214843069969374,0.0009508426840586563
0.0,1.0,0.0,0.0,0.0,0.0,0.0,0.0,0.0,0.0,0.0,0.0,0.0,0.0,0.0,0.0,0.0,0.0,0.0015965254735888729,0.914825720614037,0.01988915179123429,0.00023274263782993834,0.0005476750390102796,0.08749886643308921,0.013411427330264878,0.01840163860176901,6.46081734264027e-06,0.012797716784236244,1.3249793839899417e-06,0.0006559454490819971,0.003971234922998335,0.059927785230232476,0.00046777847772250535,0.007311993576192544,9.067738764048117e-05,6.122265142555629e-06
0.0,0.0,1.0,0.0,0.0,0.0,0.0,0.0,0.0,0.0,0.0,0.0,0.0,0.0,0.0,0.0,0.0,0.0,0.00011464006307827714,0.020243572690539505,0.9010270637553877,0.006091742209260475,0.010089400650591687,1.5052708833628701e-06,0.0022511238982431815,2.0775435698296337e-05,0.00014464416460080573,0.0014659242068646961,0.00036014631754160406,0.020405734140512815,0.0003614856749371608,0.0003481111147204981,0.06080955143152572,2.648615141021175e-05,0.0019577587967716053,2.0264503664072852e-05
0.0,0.0,1.0,0.0,0.0,0.0,0.0,0.0,0.0,0.0,0.0,0.0,0.0,0.0,0.0,0.0,0.0,0.0,0.0003795038066492128,0.011536643115278567,0.9470426444854708,0.03610738728957521,0.006481796413234821,2.9553912886556635e-06,0.001064358566772361,2.227413860205775e-05,0.0005659503843486149,0.00028855003838800945,0.00028116353436160105,0.010886187704243034,5.050114132703205e-05,6.244498886592625e-05,0.01828395747802151,0.00017168244181815488,0.00712189459727029,0.00012690161796528673
0.0,0.0,1.0,0.0,0.0,0.0,0.0,0.0,0.0,0.0,0.0,0.0,0.0,0.0,0.0,0.0,0.0,0.0,0.001875690839228684,0.00014472191976007677,0.8990935285855228,0.055565373240573104,0.042981673900533944,3.5323782566429037e-06,5.8849337063059916e-05,0.001043145157325525,0.03827646850868246,0.00015762822393640383,0.005380418344486106,0.056475815830135424,1.3442864805389934e-06,4.035771592166152e-05,7.37462517107135e-06,0.023198193787265113,0.018822692623155557,0.00018105414695681837
0.0,0.0,1.0,0.0,0.0,0.0,0.0,0.0,0.0,0.0,0.0,0.0,0.0,0.0,0.0,0.0,0.0,0.0,0.07009101216135949,0.01585767237535672,0.94441577602376,0.0052558438462357495,0.01162254377435417,8.209397556402854e-05,0.0002478429546583024,2.7223814698038287e-05,0.00023668664105402996,0.0025436323620728406,7.96827554084606e-06,0.000401303605182286,7.03577445087689e-05,0.0001071761120172001,0.02695045937683659,0.02076366789486539,0.024815437633850065,0.0002547704641341918
0.0,0.0,1.0,0.0,0.0,0.0,0.0,0.0,0.0,0.0,0.0,0.0,0.0,0.0,0.0,0.0,0.0,0.0,0.009323832480601464,0.008293470028378908,0.8924812636836413,0.0133766539926149,0.01258826249533434,3.8288458923688334e-05,0.0027890952262692413,4.446187374914094e-06,7.370000753889708e-05,0.000721975459550071,8.447184127038487e-06,0.00028273083238163755,2.0986135136877154e-05,0.00012422622674571995,0.09537723629681964,0.005172711650072071,0.0559157216991456,0.00030388634455802183
0.0,0.0,1.0,0.0,0.0,0.0,0.0,0.0,0.0,0.0,0.0,0.0,0.0,0.0,0.0,0.0,0.0,0.0,0.0008781181291354244,0.006467570074927159,0.958132322086194,0.0034273705741975874,0.04918302076488998,7.697592224649986e-07,0.0024919506909060487,5.025495982969492e-05,0.000311430318387112,0.003829402792283374,0.0003240142550509281,0.028527634056115515,0.0011455604211917097,0.0013077570061573104,0.027699820178028797,0.00014238027542155812,0.001999022145651314,2.3087146065189736e-05
0.0,0.0,1.0,0.0,0.0,0.0,0.0,0.0,0.0,0.0,0.0,0.0,0.0,0.0,0.0,0.0,0.0,0.0,0.0006388364103243301,0.0022929155670285903,0.9123535028711232,0.007464006824397627,0.034576987876249445,3.90054954059576e-06,0.00025961123989020696,4.23084984647926e-05,0.0005684554401028426,0.0003363808088782448,0.00030318974063595793,0.005129923551489022,0.00018381984807284502,0.00039441713044500884,0.03440368214775431,0.00020014734278749,0.001530514000118619,9.117858710886361e-05
0.0,0.0,1.0,0.0,0.0,0.0,0.0,0.0,0.0,0.0,0.0,0.0,0.0,0.0,0.0,0.0,0.0,0.0,0.0041833588064986195,0.02928686782252376,0.9413673556349906,0.009532919066314679,0.02414358328702345,2.3257381000808462e-05,0.002348493272068823,1.5768487234611756e-05,8.993220398286693e-05,0.0007022849645703013,1.3342199162268265e-05,0.0004781008157877272,5.880718254581555e-05,9.578633857114244e-05,0.05649775976301136,0.0013354956753703735,0.015962410674307502,0.0001880870496564925
0.0,0.0,0.0,1.0,0.0,0.0,0.0,0.0,0.0,0.0,0.0,0.0,0.0,0.0,0.0,0.0,0.0,0.0,4.541496838961329e-07,0.040541553804423335,0.00022419296589697006,0.8576767214542842,1.319139424913984e-05,2.864134937175566e-05,0.11162022061983408,0.0016942325694798642,0.00024095039794950262,6.42614239345087e-05,0.08287767975160115,0.1182603982942343,3.8700946051874364e-05,0.006770034136406507,9.214485829690881e-05,0.0027079936051043543,0.00571283125725321,0.0017188693973153456
0.0,0.0,0.0,1.0,0.0,0.0,0.0,0.0,0.0,0.0,0.0,0.0,0.0,0.0,0.0,0.0,0.0,0.0,5.309735619848034e-05,0.009460428369607898,0.058265688244999066,0.9238745942669534,0.012622784459458454,1.396362129434868e-07,0.0033996394985104333,0.00027971566651287895,0.01202349158398493,0.00025858388743471333,0.009082570536116528,0.004794943949165038,5.0744344011635526e-06,9.800623304280651e-05,0.0006580976208063848,2.346941102678868e-05,0.029151825842262884,0.0017163534243682696
0.0,0.0,0.0,1.0,0.0,0.0,0.0,0.0,0.0,0.0,0.0,0.0,0.0,0.0,0.0,0.0,0.0,0.0,5.981813175198194e-05,5.752307521561514e-05,0.000968813628947956,0.8903495753953287,0.000692351167844639,6.647287430417289e-05,0.02324536153428828,0.0027950507415975163,0.012111616007821078,1.2592856732037868e-06,0.008684262125342087,0.008830327808823818,4.336277324421358e-06,0.0028900037377923857,1.0893616810587333e-05,0.01996789289243725,0.04759094314045185,0.028100332158919744
0.0,0.0,0.0,1.0,0.0,0.0,0.0,0.0,0.0,0.0,0.0,0.0,0.0,0.0,0.0,0.0,0.0,0.0,6.171845827550731e-05,0.0010090109269576988,0.006692977115792125,0.9967711961428004,0.00067604510130582,3.671516942154317e-06,0.03624689039210448,0.0036752540734753835,0.02084187444051828,2.3641787045305492e-06,0.0061825614221592,0.009316612686534567,5.716196084529544e-06,0.002250832674837592,2.2466591553653506e-05,0.010606053552328215,0.038581169357492895,0.039186453550032474
0.0,0.0,0.0,1.0,0.0,0.0,0.0,0.0,0.0,0.0,0.0,0.0,0.0,0.0,0.0,0.0,0.0,0.0,0.0001038681886110208,0.0025338699223576002,0.015132155689881124,0.9670219031736131,0.001522669366072754,3.761611507503552e-05,0.009966702426181936,0.020280661639969437,0.03180818661263069,5.016779036354017e-06,0.0004895249589865744,0.011056360137497378,1.701387790354964e-05,0.0002741260608227207,1.1354889318381443e-05,0.004968692754652224,0.017991726605503664,0.029137675689889536
0.0,0.0,0.0,1.0,0.0,0.0,0.0,0.0,0.0,0.0,0.0,0.0,0.0,0.0,0.0,0.0,0.0,0.0,6.17184209657839e-05,0.001009010172233563,0.006692970881733945,0.9967711937234546,0.0006760451824166639,3.671519110708723e-06,0.03624690629079187,0.003675254397074276,0.02084186963641935,2.364179457747005e-06,0.00618256141281467,0.00931661145959616,5.716191528048844e-06,0.0022508337672536498,2.2466560444430754e-05,0.010606054556165792,0.038581143803963075,0.039186416610251684
0.0,0.0,0.0,1.0,0.0,0.0,0.0,0.0,0.0,0.0,0.0,0.0,0.0,0.0,0.0,0.0,0.0,0.0,7.198143603733448e-05,0.005105883840526011,0.093851512468774,0.9435437784438755,0.013979399935457288,1.1806121857136532e-07,0.0014297879338788875,0.0004163543106750187,0.021944965590467394,0.00013678803155770588,0.008038354982326372,0.0056917865047255226,4.7673423541922386e-06,5.7638051833695254e-05,0.00036002459425938266,3.3638112596953156e-05,0.02758740424025952,0.0029353946320036023
0.0,0.0,0.0,1.0,0.0,0.0,0.0,0.0,0.0,0.0,0.0,0.0,0.0,0.0,0.0,0.0,0.0,0.0,6.171845822942681e-05,0.001009010927692702,0.0066929771120781715,0.9967711961420188,0.0006760451012507786,3.6715169411861214e-06,0.03624689042825967,0.0036752540732331463,0.0208418744331958,2.3641787051727544e-06,0.0061825614277111664,0.009316612689861089,5.7161960867622034e-06,0.002250832675229274,2.2466591567622228e-05,0.010606053545941027,0.03858116936749708,0.03918645353858074
0.0,0.0,0.0,0.0,1.0,0.0,0.0,0.0,0.0,0.0,0.0,0.0,0.0,0.0,0.0,0.0,0.0,0.0,1.4320209698763113e-05,0.0004305737318321703,0.0014031941303465744,0.0016678608777744475,0.931345809077435,6.503732089388708e-06,0.07345908707441386,0.0013553882409505604,0.004115956250762786,0.00012215603285705098,0.04848763625825029,0.00012775626680916268,2.609642484479661e-05,0.0015332717676696205,0.009368621216502872,1.4918336701989564e-05,0.00021555903837098343,0.00032611029579890507
0.0,0.0,0.0,0.0,1.0,0.0,0.0,0.0,0.0,0.0,0.0,0.0,0.0,0.0,0.0,0.0,0.0,0.0,0.009473553608734413,0.0006201244933949551,0.04760724144272636,0.0018190955924001176,0.9735955068071428,0.001030011805766945,0.0011221008916457297,0.002272609412404505,0.0022052217088693363,0.0008786196423580306,0.0003902205897708894,3.047008607114287e-05,3.12767037113957e-05,0.0012761090626689123,0.04400264378536949,0.004029927406714601,0.0012099011394535353,0.04148245930345271
0.0,0.0,0.0,0.0,1.0,0.0,0.0,0.0,0.0,0.0,0.0,0.0,0.0,0.0,0.0,0.0,0.0,0.0,0.038759587545781946,0.00046570583843733715,0.022709740857365178,9.361800233735923e-05,0.8836116213910186,0.001875222779242679,6.1337295076446935e-06,0.04952950607973332,0.005259576834956001,0.0008331240724973309,2.703997633732683e-05,6.9415119953458825e-06,8.492929665390534e-05,0.04327414625625744,0.0001735594827097766,0.0008122025767669119,4.23233541271445e-06,3.791778304599101e-05
0.0,0.0,0.0,0.0,1.0,0.0,0.0,0.0,0.0,0.0,0.0,0.0,0.0,0.0,0.0,0.0,0.0,0.0,0.02921881182527219,0.0008587539481866652,0.05638119639773543,1.5823043509158093e-05,0.9356344577050608,1.7849499224945106e-05,2.379126544286051e-05,0.006527948937109943,0.00019615941770986762,3.551962899449382e-05,0.0001611347716274401,1.0887586145509385e-06,0.00032688506540469393,0.0015063839002729057,0.0030886073087771364,0.009319625116973663,6.755866579110728e-05,0.0002862233500243909
0.0,0.0,0.0,0.0,1.0,0.0,0.0,0.0,0.0,0.0,0.0,0.0,0.0,0.0,0.0,0.0,0.0,0.0,0.06219416173793096,0.00033565411939436604,0.00843748997187008,9.867722943562988e-05,0.9775487340798943,0.001315122211781966,0.00012985967509941275,0.013604989007708927,0.0008364343595962199,0.0005891818080866792,1.5910054286305664e-05,9.88964475777846e-07,7.596726441550109e-05,0.005702990091602874,0.002247695811957634,0.012802136416795229,5.4777666211336044e-05,0.002770118698415014
0.0,0.0,0.0,0.0,1.0,0.0,0.0,0.0,0.0,0.0,0.0,0.0,0.0,0.0,0.0,0.0,0.0,0.0,3.25049578787508e-05,4.2808143712731156e-05,0.01973617291243602,0.04499703877824036,0.9738450422119895,3.1246892625166686e-06,0.0023925335043052678,0.0038931897647448213,0.045783466863266585,2.5932160811502256e-05,0.010545289171743136,7.6675086495756e-05,1.5020938815132863e-05,0.0017119790523822628,0.00028961830869683324,3.302436445492338e-05,1.2340267337457048e-05,0.0007531105108699946
0.0,0.0,0.0,0.0,1.0,0.0,0.0,0.0,0.0,0.0,0.0,0.0,0.0,0.0,0.0,0.0,0.0,0.0,3.010471522462997e-05,3.84569970951795e-05,0.052820194974273364,0.018214487999848834,0.9339376241375054,5.157135504112776e-06,0.0012228555875734585,0.0030382233960922203,0.023647154323534786,2.4449059820935033e-05,0.008943366151154314,0.0002636897855472695,2.0673037273550152e-05,0.001047316595742074,0.00029836205728553,6.295136528486171e-05,1.2202014647404586e-05,0.000731530631608821
0.0,0.0,0.0,0.0,1.0,0.0,0.0,0.0,0.0,0.0,0.0,0.0,0.0,0.0,0.0,0.0,0.0,0.0,0.05032640052465738,0.00019889650860571988,0.014081317966790421,7.055779594379794e-06,0.9556012310672722,0.00023476207122077818,4.3277567162277496e-05,0.0014635144335968767,1.6758955650078627e-05,0.00027824024905856876,6.982075286694688e-05,6.183668726756276e-07,5.498585307286542e-05,0.0009792107005229202,0.007325952141628654,0.057746214353789724,0.0001302728564308441,0.01561006032253093
0.0,0.0,0.0,0.0,0.0,1.0,0.0,0.0,0.0,0.0,0.0,0.0,0.0,0.0,0.0,0.0,0.0,0.0,0.061745771150115196,3.4715360847040476e-06,0.002833963324462069,1.7431744159457054e-05,0.000492865616050444,0.9202890286931982,0.017174272163323057,0.0002693127115841982,0.12390503566631261,0.00015984875171359911,1.4081341041326867e-05,0.00091918467711711,0.005891082397372895,6.0030952283380074e-05,0.00722901033739698,0.00012382101833960892,0.00021882831382429022,0.05728306598681664
0.0,0.0,0.0,0.0,0.0,1.0,0.0,0.0,0.0,0.0,0.0,0.0,0.0,0.0,0.0,0.0,0.0,0.0,0.03971280670200105,0.00043451146602500613,8.58170197756139e-05,1.573423812039611e-05,1.5376080233845423e-06,0.8719089998694377,0.0713048924921436,6.755960341678841e-05,9.961658573582803e-05,0.016493463832049686,3.154213531049271e-07,5.110925782591061e-05,0.004253403640776134,0.0009482407049238006,2.255456700357208e-05,0.004380652904281711,3.3442857505632164e-05,0.0005541338119354331
0.0,0.0,0.0,0.0,0.0,1.0,0.0,0.0,0.0,0.0,0.0,0.0,0.0,0.0,0.0,0.0,0.0,0.0,0.00011458262670367764,3.361239818399064e-05,0.001839154583002002,0.00075406856420942,0.017413026932713082,0.9021638461301759,0.0018152967407085844,0.02455082460579443,0.03602708259249357,9.085476277360149e-05,0.00038480124863740634,0.03784520921205224,0.00035885490224702403,0.012943418662875381,0.0002840751477394214,5.368397271486852e-05,1.2031816204090769e-05,0.06380670364233601
0.0,0.0,0.0,0.0,0.0,1.0,0.0,0.0,0.0,0.0,0.0,0.0,0.0,0.0,0.0,0.0,0.0,0.0,0.0001143876313194174,0.00017785257870411064,2.5808827101654597e-06,0.00011313507739545327,0.018726357994049394,0.9472392096161223,0.03712940299808914,0.02491213653870894,0.0006756783353252918,0.0001400145403323179,1.9358823459929612e-06,2.0357238817211376e-05,0.008451943582708248,0.056324952276732836,0.0009367516771296836,0.0010493963392295836,6.967930158938305e-07,0.02248116502186693
0.0,0.0,0.0,0.0,0.0,1.0,0.0,0.0,0.0,0.0,0.0,0.0,0.0,0.0,0.0,0.0,0.0,0.0,0.03065739147041474,0.0004575727933410934,3.659379226984763e-07,0.0002413532285093022,1.5178600781353754e-05,0.8975725735928416,0.003316383485545255,0.02753582600266466,0.029882344047964256,0.0023826082849990773,0.07038136570595979,0.00040488812795115597,0.0523299345579157,0.07644805256655154,0.00032824673754392966,0.010832859325075307,0.0007056871346857338,0.012432390306859139
0.0,0.0,0.0,0.0,0.0,1.0,0.0,0.0,0.0,0.0,0.0,0.0,0.0,0.0,0.0,0.0,0.0,0.0,0.00855107540382535,4.968197106877368e-06,0.0007944759717078437,1.1858385647367534e-05,0.00012773075946509105,0.9144935133715569,0.004150166918146252,0.0002523973251833837,0.06690237351377114,0.000713339232079375,6.13442399874776e-05,0.0011415526775208774,0.007640208738655555,0.0005735765290584418,0.0009418368996072243,4.2827675051624864e-05,7.603376487924537e-06,0.0020149499985332507
0.0,0.0,0.0,0.0,0.0,1.0,0.0,0.0,0.0,0.0,0.0,0.0,0.0,0.0,0.0,0.0,0.0,0.0,0.03218509581624078,0.0006809845194076556,3.9682087826939396e-05,2.1543130595901535e-07,0.012737947157959183,0.9301098716779338,0.0038312523137493757,0.0005740648705553061,0.0006374717772274578,0.023346596235239613,0.0001374805412410747,3.092502135849731e-05,0.011400197991242414,0.059374923731451396,0.07909437977889419,0.00034645823797780967,0.0003383496192663814,2.935735819136405e-05
0.0,0.0,0.0,0.0,0.0,1.0,0.0,0.0,0.0,0.0,0.0,0.0,0.0,0.0,0.0,0.0,0.0,0.0,0.0006254210363596382,0.00042193901422616064,0.001614213599139295,3.9190651695857126e-05,0.007110608246348298,0.9143367372627994,0.005220442260726782,0.0013199386671320752,0.0854496081783811,0.017705788257905294,0.008517386980826176,0.035598786892270064,0.03697331630675784,0.06388481399848092,0.04258597611026005,7.4829082896796904e-06,0.00018881337123353146,2.5720854655630712e-05
0.0,0.0,0.0,0.0,0.0,0.0,1.0,0.0,0.0,0.0,0.0,0.0,0.0,0.0,0.0,0.0,0.0,0.0,6.844696257905056e-07,0.007717654530973868,7.87776445080089e-06,0.11227203576109136,8.055104228323679e-05,0.0005408612832520932,0.8436453127803067,0.0007950703399646155,1.8253896737153337e-05,0.00031132234873882606,0.004842879531294283,0.005218651890361606,2.5965908191613667e-06,0.002449381934867543,1.1504919293950896e-05,0.10507584144472003,0.020944382310938734,0.0005164864171366408
0.0,0.0,0.0,0.0,0.0,0.0,1.0,0.0,0.0,0.0,0.0,0.0,0.0,0.0,0.0,0.0,0.0,0.0,2.2864323646122146e-06,0.012775607476240911,0.0020098228958020793,0.0007978627529744668,0.0002853150384689316,0.03051436521278863,0.8948178910649444,0.0005567274676851326,1.8794428953031285e-05,2.0097484710010418e-05,0.0003313259933687347,0.0519006772989669,0.00036455204193434963,0.018415189109819475,0.0009104606519490362,0.00011914436169352913,0.0009745292460254604,0.0007543414018837668
0.0,0.0,0.0,0.0,0.0,0.0,1.0,0.0,0.0,0.0,0.0,0.0,0.0,0.0,0.0,0.0,0.0,0.0,0.01683193051771213,0.0005671004988826453,5.132721785337478e-05,0.0003121880249251924,0.003016925567813454,0.00021200531162529824,0.9461431433884125,4.113142244523279e-06,0.0024275800314605615,0.02415152853669156,0.00047181549776601357,8.832839378236596e-06,0.00028972615525904165,0.00020030772206148517,0.010257362310998525,3.5425062606360936e-06,0.010756729462843596,0.0010705476186265524
0.0,0.0,0.0,0.0,0.0,0.0,1.0,0.0,0.0,0.0,0.0,0.0,0.0,0.0,0.0,0.0,0.0,0.0,4.220567972308337e-06,2.601762558420296e-05,3.1297467157649304e-05,0.0012562411167751318,0.003285061083676921,0.00043746382120982185,0.8997867873623396,0.00024973421347740914,0.060342843691092315,3.953537623256384e-06,0.02761462559002264,0.0006137457725972633,0.051761737267675405,9.556893445599349e-05,0.02359420277206376,1.3714612552615075e-07,5.105867486225411e-06,0.06866475499275332
0.0,0.0,0.0,0.0,0.0,0.0,1.0,0.0,0.0,0.0,0.0,0.0,0.0,0.0,0.0,0.0,0.0,0.0,3.138271662599092e-06,0.00371231502007392,0.0003367629169638969,0.005001077481667893,0.00018183519943357315,0.005583541166977934,0.9553478287626987,4.8874790070517974e-05,6.3047162002503375e-06,0.00017255919274792211,0.0003212330559984156,0.0035055289138547882,1.910120503899892e-05,0.06869689546196349,0.0006306687887857966,0.007983565601590591,0.0012955022412173309,4.538513355388615e-05
0.0,0.0,0.0,0.0,0.0,0.0,1.0,0.0,0.0,0.0,0.0,0.0,0.0,0.0,0.0,0.0,0.0,0.0,0.00015326644379743765,0.00851595290815315,6.103066945729561e-07,0.00015141199014242864,9.56538699973901e-06,0.017085665809768953,0.9281256170987344,0.00030035204666457795,1.8077157579181417e-05,0.03979361810046575,0.0002446048560872269,0.00017109361428992663,0.05093377397621693,0.00010406935727894769,7.114820274505961e-05,0.0023768193135409255,0.00040216599460339217,0.02382126005369874
0.0,0.0,0.0,0.0,0.0,0.0,1.0,0.0,0.0,0.0,0.0,0.0,0.0,0.0,0.0,0.0,0.0,0.0,5.594879189829712e-06,0.0008961111224959603,1.3326652744841672e-06,0.0023498943736776474,4.0743116467655e-06,0.037860855022954706,0.9951271521912495,4.160218645722035e-05,0.000300078512516988,0.03474548657657787,0.002224073949197156,0.007680124842607858,0.014001598066680498,2.0310771936079776e-05,0.00010371998232780067,0.00036996745942176313,0.0016098123229322523,0.021221172734490742
0.0,0.0,0.0,0.0,0.0,0.0,1.0,0.0,0.0,0.0,0.0,0.0,0.0,0.0,0.0,0.0,0.0,0.0,7.549429998552304e-05,0.0023992821995053267,1.4868897674002207e-07,8.692502138998792e-05,2.209412959972228e-06,0.0360826163837576,0.912022394354102,7.556023219998724e-05,1.719236420656504e-05,0.013463527607118173,0.00010614486824376357,5.5589542120175214e-05,0.0050515702387261205,5.070086638144164e-05,4.183662240260462e-05,0.0004487603792916076,0.0001395673087383368,0.01277965983094671
0.0,0.0,0.0,0.0,0.0,0.0,0.0,1.0,0.0,0.0,0.0,0.0,0.0,0.0,0.0,0.0,0.0,0.0,0.00013686587534515664,0.02380656352248132,8.519065530389362e-06,0.0065162020700760895,0.03672361447721836,0.016512842448443362,0.00027306015659292026,0.9445511452242136,0.005013925129465055,0.0001868511832215941,0.00033119696601916236,4.8641958359097e-05,0.0018053241939730682,0.004880550380919056,4.727283041311086e-07,0.015869985187219122,4.191874583575684e-06,0.003638873560817835
0.0,0.0,0.0,0.0,0.0,0.0,0.0,1.0,0.0,0.0,0.0,0.0,0.0,0.0,0.0,0.0,0.0,0.0,2.646063984659178e-05,0.05837295595796908,0.00026183361306475445,0.00043052278433012995,0.004039752644556551,0.01803875150494564,9.358356003531724e-05,0.9293811750854049,0.0006932151598197918,0.0014206495313658176,0.0005687501126500314,0.023364377182421764,0.04895087641622546,0.003933726427306933,6.669386323086316e-07,0.011843515252486576,1.4960041013408977e-05,0.00014925919718351613
0.0,0.0,0.0,0.0,0.0,0.0,0.0,1.0,0.0,0.0,0.0,0.0,0.0,0.0,0.0,0.0,0.0,0.0,0.0008646670856772431,0.010403346242774829,0.0003111426669657725,0.003663509600510039,0.019601937626643452,0.02912261126363265,8.724194320443107e-06,0.9742505714568225,0.02198342200315259,0.00029929412749878933,0.0022698841568367023,0.001093668321768337,0.001616948966778373,0.002846410986246552,1.3727859038796228e-07,0.006969568854824198,1.5539485561742732e-06,0.018494384535026467
0.0,0.0,0.0,0.0,0.0,0.0,0.0,1.0,0.0,0.0,0.0,0.0,0.0,0.0,0.0,0.0,0.0,0.0,0.00019604039693369766,0.007245837888437003,0.00017311774653596448,0.0001377220157542069,0.007569772667995585,0.021279711335733843,7.559770519703286e-06,0.9512261135685284,0.002035130563138218,0.00264958183307259,0.002523955605302859,0.03063164537698367,0.01991006066922286,0.008133380075137505,1.2661814140798208e-06,0.0045162351895298445,3.7903228518405755e-06,0.0049445148493223335
0.0,0.0,0.0,0.0,0.0,0.0,0.0,1.0,0.0,0.0,0.0,0.0,0.0,0.0,0.0,0.0,0.0,0.0,0.0008646670856772431,0.010403346242774829,0.0003111426669657725,0.003663509600510039,0.019601937626643452,0.02912261126363265,8.724194320443107e-06,0.9742505714568225,0.02198342200315259,0.00029929412749878933,0.0022698841568367023,0.001093668321768337,0.001616948966778373,0.002846410986246552,1.3727859038796228e-07,0.006969568854824198,1.5539485561742732e-06,0.018494384535026467
0.0,0.0,0.0,0.0,0.0,0.0,0.0,1.0,0.0,0.0,0.0,0.0,0.0,0.0,0.0,0.0,0.0,0.0,0.0009116267051003293,0.0008211449080708178,8.320594733966065e-06,6.317438032542034e-05,0.023917109479157893,0.0007571448678344313,0.025492130533043784,0.0003574431375100924,0.0001410133755157384,0.02229851223868711,0.003149332710603742,3.241637436635577e-07,0.013782362153809676,0.0010557458643479702,0.000860796227188226,0.002778274782674726,3.9894130819509983e-07,0.0026990577561772163
0.0,0.0,0.0,0.0,0.0,0.0,0.0,1.0,0.0,0.0,0.0,0.0,0.0,0.0,0.0,0.0,0.0,0.0,1.1003122941010812e-05,0.0029888519298980794,0.00038067025469047856,0.0005177040354666738,0.035982750788735134,9.395915313056148e-05,7.0061478763726565e-06,0.8770652146623255,9.605114364191559e-05,0.00038658996761223584,0.014545703724536339,0.056109734489663735,0.09597694116770195,0.0040592519779110445,5.279171471494647e-06,0.08839069696910609,1.0317177166517535e-05,0.0510600628789544
0.0,0.0,0.0,0.0,0.0,0.0,0.0,1.0,0.0,0.0,0.0,0.0,0.0,0.0,0.0,0.0,0.0,0.0,0.0007132376420545581,0.028637574222585806,0.0007023236881798218,0.007900657063398424,0.006566646518239963,0.015279833340803503,5.753129812349602e-06,0.9798504529583619,0.011660690839779867,3.476266204282905e-05,0.0007059978502092837,0.0019227240246414196,0.0006775527412809358,0.028704706845895354,1.1373597822232976e-07,0.03362848197996007,1.2466201247469109e-05,0.0005882534015710441
0.0,0.0,0.0,0.0,0.0,0.0,0.0,0.0,1.0,0.0,0.0,0.0,0.0,0.0,0.0,0.0,0.0,0.0,0.05235805405104725,1.320745750403762e-06,0.0001520717524112218,0.0028014353220351448,0.003712517457075313,0.0016750588389328673,0.00011407546886881413,0.0012765355560726119,0.9715685499982327,0.0004368481437751249,0.04985228470460805,0.000798261455373258,7.264744367816904e-05,0.00019345652458163117,0.00016954139554102015,6.076303321342263e-07,0.001993267384656231,0.0071711809429397255
0.0,0.0,0.0,0.0,0.0,0.0,0.0,0.0,1.0,0.0,0.0,0.0,0.0,0.0,0.0,0.0,0.0,0.0,0.036853884954053756,4.4987635826663585e-05,0.001148047341967189,0.009085730595161583,0.04489405505397436,0.002091856158641689,0.00048227462603841684,0.0045203599426962135,0.945103932294284,0.04028009875602458,0.042270601725971996,0.0005302403006256509,2.3356926942707122e-05,5.8196698720794896e-05,3.414218934790086e-05,0.0003469040072741446,0.0022782409173339115,0.0003270000250592846
0.0,0.0,0.0,0.0,0.0,0.0,0.0,0.0,1.0,0.0,0.0,0.0,0.0,0.0,0.0,0.0,0.0,0.0,2.8314442166137967e-05,0.00022074165472784536,6.607227571314697e-06,3.8840926748017276e-05,6.1407228439375345e-06,0.010007028879115856,0.041500880196579375,9.056076186509975e-05,4.669020977614003e-05,0.004471198311063363,0.048369805396668325,0.03049925607446347,0.00035832436109969174,0.00024347914971889394,0.00044837471038807624,0.01695537016903168,0.027959209428427702,0.001055277078499412
0.0,0.0,0.0,0.0,0.0,0.0,0.0,0.0,1.0,0.0,0.0,0.0,0.0,0.0,0.0,0.0,0.0,0.0,0.0005775869271548156,1.3024415019439368e-06,0.00010852013965522259,0.010512759408473274,0.00014070743957721624,0.04248434108333631,0.004036923768179592,0.005321643318333376,0.9540903704847894,1.4670937605984269e-05,0.004179344862118586,0.008124706367998048,0.004188854101783316,9.415976021889218e-05,4.2007526582827926e-05,1.483101861187559e-06,2.0545186107658687e-05,0.04196819234471807
0.0,0.0,0.0,0.0,0.0,0.0,0.0,0.0,1.0,0.0,0.0,0.0,0.0,0.0,0.0,0.0,0.0,0.0,0.0002084597499677526,7.613131791492536e-06,3.107044313755567e-05,0.011579870138787765,0.00035963885311629095,0.05995274895700919,0.041570280687544356,0.008971834021558513,0.9385052466949021,6.351417431251469e-05,0.005581290154061234,0.004728073854799928,0.008875087458433661,0.00029375214162330617,7.71076870457178e-05,4.6678543620417753e-07,7.921086532576752e-06,0.017390260252959765
0.0,0.0,0.0,0.0,0.0,0.0,0.0,0.0,1.0,0.0,0.0,0.0,0.0,0.0,0.0,0.0,0.0,0.0,0.0008272575935927384,2.4122823026825838e-06,0.0007894218076084137,0.03199992563983822,0.0004071848934983794,0.0005188863986896468,0.0005420699432800742,0.013947666998840216,0.9623907625632663,7.831399297070516e-06,0.027254863426291194,0.008580076384656044,0.0012199670946070873,6.688712976342287e-06,8.588460710821032e-06,1.1295372599454926e-05,8.36055321307648e-05,0.039072514319854056
0.0,0.0,0.0,0.0,0.0,0.0,0.0,0.0,1.0,0.0,0.0,0.0,0.0,0.0,0.0,0.0,0.0,0.0,0.0823074151190294,1.9899216399063787e-06,0.01695788844032336,0.0001541719274747983,0.0036001089241701357,0.11783941758975643,0.0006139275013864805,0.00021130884673350458,0.819297934888804,0.0004674290178289959,0.0020170370583513205,0.001571697460677727,0.0013077313765517274,0.003017796454227145,0.0023477883071864078,1.6270197436078986e-06,6.85104200640502e-05,0.00033254224000205476
0.0,0.0,0.0,0.0,0.0,0.0,0.0,0.0,1.0,0.0,0.0,0.0,0.0,0.0,0.0,0.0,0.0,0.0,0.04115808330583995,3.399207740798746e-05,0.0008571627475119587,0.010231032718106927,0.02735302482758162,0.007001567816905762,0.0018298389192966072,0.0090838157489363,0.9257376860657716,0.008232130641625616,0.026391802200544334,0.0012395761831247563,7.541064244454344e-05,1.828249180754292e-05,7.443204065851271e-05,0.00025120559601666544,0.003855218903164175,0.027100250666460848
0.0,0.0,0.0,0.0,0.0,0.0,0.0,0.0,0.0,1.0,0.0,0.0,0.0,0.0,0.0,0.0,0.0,0.0,0.06809887899970397,0.034290529743905444,0.00026842473657328367,8.18313789135989e-06,7.305438583789081e-05,0.010739668477853601,0.0011378670607520894,0.00045453942630100915,0.00015105617380149977,0.8962764178772569,0.00015437488874137022,4.9464273551244854e-05,4.260218889368066e-05,0.0003195892437689363,1.3388801347447304e-06,0.0032406076765039873,0.0004595338974306632,6.562494407528207e-07
0.0,0.0,0.0,0.0,0.0,0.0,0.0,0.0,0.0,1.0,0.0,0.0,0.0,0.0,0.0,0.0,0.0,0.0,0.002230864442734188,0.0042940763830693895,0.08488308163151297,6.201968616805554e-05,0.005610068574082525,3.288250836007462e-06,0.009978823869280003,4.1273972254792195e-05,2.3519120660535308e-05,0.9225529262832495,0.0024066717760816833,0.0021350326315100706,0.061182765199879176,0.08203766097834699,0.00028296295103504075,0.0009007593181587362,1.8853639351307263e-06,9.433736987346402e-07
0.0,0.0,0.0,0.0,0.0,0.0,0.0,0.0,0.0,1.0,0.0,0.0,0.0,0.0,0.0,0.0,0.0,0.0,0.005837465241508531,0.0010250330557465246,1.429557133331577e-05,2.0693189416068388e-06,2.6644254407881142e-05,0.0003014400381481484,0.013489292596732755,8.785072504580585e-06,2.8356865046898202e-06,0.9206244232063586,0.0032542485089017328,0.0005307103532711549,0.0031154168015598838,0.0011757236559219951,0.00024949915009875876,0.006605744600998113,0.004126129041988701,6.359279420045025e-05
0.0,0.0,0.0,0.0,0.0,0.0,0.0,0.0,0.0,1.0,0.0,0.0,0.0,0.0,0.0,0.0,0.0,0.0,0.005478020887716119,0.002844099814399338,0.0001471453183075214,4.2805736316788544e-06,0.00012019124508162375,5.316115479620484e-05,0.0049932623458975815,3.0121157823541188e-05,3.970127943019729e-06,0.9788283377158414,0.0026737805857162374,0.00067711714946294,0.004292233467465807,0.0004309500259804108,4.114915658058127e-05,0.025257284166680466,0.001149259004432989,1.3812611801246014e-05
0.0,0.0,0.0,0.0,0.0,0.0,0.0,0.0,0.0,1.0,0.0,0.0,0.0,0.0,0.0,0.0,0.0,0.0,0.004011195996397827,0.027027709510999896,1.1297901320449054e-05,0.00042952848014042637,0.0006549205995864937,0.0052342960672693,0.06235642060185628,0.0005614438118737517,0.0006006140928954276,0.9328495505248066,0.00017859221806190213,1.677236197318211e-05,2.720667538314136e-05,0.0019114063331760163,1.8662572386613747e-06,0.0006386658674633364,0.00013872355017389236,1.4120123810432939e-06
0.0,0.0,0.0,0.0,0.0,0.0,0.0,0.0,0.0,1.0,0.0,0.0,0.0,0.0,0.0,0.0,0.0,0.0,0.010755136519725851,0.02640003526079684,0.00015883647311620752,8.760934778710218e-06,0.00020260964084575206,0.0016524778303240498,0.013592012401876987,0.00011148032681265635,1.2537027299690051e-05,0.941731529123735,0.001286080971058388,0.00011626300308017208,0.0007964115938396588,0.0001933311224712027,1.6952243591163946e-05,0.01734643952137218,0.0015934497201246954,1.0531344535539582e-05
0.0,0.0,0.0,0.0,0.0,0.0,0.0,0.0,0.0,1.0,0.0,0.0,0.0,0.0,0.0,0.0,0.0,0.0,0.0030462138537361767,0.04837070208116964,0.0012239406161810957,0.0005575046464326959,0.00020598562377243477,9.52862913290046e-05,0.007855854721554801,0.00016085272435354195,6.71747111849163e-05,0.9326568561863479,0.014333302211847929,0.0006530860417591916,0.02169480158284733,0.00023878203850327275,4.56168684550488e-05,0.013471218898438941,0.00039044998452114117,4.003828331208176e-05
0.0,0.0,0.0,0.0,0.0,0.0,0.0,0.0,0.0,1.0,0.0,0.0,0.0,0.0,0.0,0.0,0.0,0.0,0.03517108357634634,0.0010970373742042066,8.722756726264934e-05,4.0550397077946985e-06,0.004298294257549416,0.0037673414687180895,2.4280598012740436e-05,0.011498574529768728,0.0003455714738083181,0.9541338377721007,0.017413113644485636,0.0007536088327048662,0.008694975437497816,0.0011539179751923856,2.4485640092859444e-05,0.06136858734670361,7.03558958499293e-05,0.0005975576346064633
0.0,0.0,0.0,0.0,0.0,0.0,0.0,0.0,0.0,0.0,1.0,0.0,0.0,0.0,0.0,0.0,0.0,0.0,6.124970050612406e-05,3.940998562448053e-05,3.0739309080817477e-07,0.00019686486643105545,2.694525530525933e-06,0.0006328836574246684,0.0036786153234171807,0.0010670671376547026,0.0015620733623987167,3.432330100715445e-05,0.9066461274870319,0.004039207033013817,0.005262040161175487,0.0058344108701535525,0.0003986494150614484,0.00036712901785926284,0.0002808259106918891,0.021521591590176612
0.0,0.0,0.0,0.0,0.0,0.0,0.0,0.0,0.0,0.0,1.0,0.0,0.0,0.0,0.0,0.0,0.0,0.0,1.8947389679306195e-06,4.521983118089212e-05,2.6188304831020655e-07,0.0033547216084646417,2.005919339874672e-05,0.002082927580965356,0.06781955756491641,0.0030101966777184457,0.011598148006487199,5.4171514776504125e-05,0.9046962471679947,0.062460315569154386,0.00865224657416673,0.003940996843915864,0.0006459248706414987,7.028984645710251e-05,0.0006625516290949486,0.0477759314713338
0.0,0.0,0.0,0.0,0.0,0.0,0.0,0.0,0.0,0.0,1.0,0.0,0.0,0.0,0.0,0.0,0.0,0.0,0.00012822773647268464,0.0031456715047206447,8.020719207422842e-05,0.0006232049159705763,0.038065865953885475,6.140206623144739e-05,0.0019136781569719776,0.006814369981550634,0.005131318262491129,0.05037774173221382,0.963660877208704,0.0032532797384999586,0.0005564088670792629,0.024069850695002608,0.0006345248287889382,0.010663222354769008,0.0003303552631751343,6.913519513094686e-05
0.0,0.0,0.0,0.0,0.0,0.0,0.0,0.0,0.0,0.0,1.0,0.0,0.0,0.0,0.0,0.0,0.0,0.0,8.583602124949149e-05,2.5717256803651164e-05,2.3223911034058212e-05,0.00033614157557043455,0.006038078419769661,6.27885676072208e-05,0.0054923681832299885,0.0002998438706297362,0.06672282982679129,0.0012100660137759748,0.9264365111483879,0.0037818631238496336,8.612772059305612e-05,3.173756624452623e-05,0.0009736712085554296,6.497045764219703e-07,0.0014645089376886023,0.02493865019045824
0.0,0.0,0.0,0.0,0.0,0.0,0.0,0.0,0.0,0.0,1.0,0.0,0.0,0.0,0.0,0.0,0.0,0.0,0.00041726640030731324,0.001266612655812284,0.0010862027537692884,1.6009920117893212e-05,0.003034474493884521,2.0503972988373133e-05,8.567709817195139e-05,0.004763961715361678,0.004693871419623894,0.053989760515726654,0.9301871186670879,0.00563541071073618,0.04331762190206899,0.0005293542394766594,0.00015035190169521986,0.004222764618421974,3.241868876970059e-06,9.997195583844699e-05
0.0,0.0,0.0,0.0,0.0,0.0,0.0,0.0,0.0,0.0,1.0,0.0,0.0,0.0,0.0,0.0,0.0,0.0,0.0058371804225209635,0.0062962350040463005,0.0006742740378494986,1.3947380185888336e-05,0.027362634638976716,3.450323735581773e-05,0.00020158463476696416,0.02095036233589986,0.006594557263667486,0.027216721140465146,0.9422584723760068,0.0039539007584338684,0.04921197073006447,0.0009509132099360241,0.0019916839382308946,0.0013024054428206848,0.000331133291926762,0.003450707822296658
0.0,0.0,0.0,0.0,0.0,0.0,0.0,0.0,0.0,0.0,1.0,0.0,0.0,0.0,0.0,0.0,0.0,0.0,0.00021294903541214518,4.82099787493168e-05,1.89216682279987e-06,0.00019791203785542,7.335902150146136e-06,0.0004075510650192695,0.0022544670508441032,0.002818129298890598,0.0045684310403005645,0.00011938176644478619,0.9460474645680883,0.032590925239999465,0.05489347129634475,0.014980792927935214,0.001283265276728812,0.0010983093434302703,0.0006441945407032442,0.02968049477925932
0.0,0.0,0.0,0.0,0.0,0.0,0.0,0.0,0.0,0.0,1.0,0.0,0.0,0.0,0.0,0.0,0.0,0.0,0.00013449415810905051,0.00014139579794470296,1.4153302922846384e-07,0.00069160351622983,1.0847512595925734e-05,0.0048212763713070105,0.025741132977383195,0.002736013418338926,0.004995922722904531,0.00010466163597376426,0.9214066356759427,0.0011331957889302057,0.03833272278693511,0.01034191068834449,0.0006412572490413301,0.0005140965960003143,0.00030029617704656065,0.04451582481496885
0.0,0.0,0.0,0.0,0.0,0.0,0.0,0.0,0.0,0.0,0.0,1.0,0.0,0.0,0.0,0.0,0.0,0.0,1.4526218020413826e-06,0.002088353602615345,0.03595514598442648,0.007853228920250768,3.5980944129031084e-05,0.0008793044950496755,0.025252405176365827,0.0025378628094544263,0.0005843951775992393,0.001605184536463389,0.007818741321540531,0.9307141570309045,0.00025015610641417226,0.0001406821241218612,3.445605886793507e-06,0.04138967273168933,0.0012266823824128009,0.00012155366297238087
0.0,0.0,0.0,0.0,0.0,0.0,0.0,0.0,0.0,0.0,0.0,1.0,0.0,0.0,0.0,0.0,0.0,0.0,9.022771304655696e-08,0.00011377047250168355,0.0004256514973106716,0.00039116163354117834,0.00019613387682592125,0.00011043351412334723,0.0002030077108868447,0.023344049047783345,9.670928352300974e-05,0.0008163422037101264,0.007414911557370586,0.8776749017937435,0.00984351078552052,0.00023058894767376102,6.075062597122883e-06,0.0030992122320025843,5.608646884190879e-05,0.0006710298865464782
0.0,0.0,0.0,0.0,0.0,0.0,0.0,0.0,0.0,0.0,0.0,1.0,0.0,0.0,0.0,0.0,0.0,0.0,1.5261101304339341e-06,0.00015303586987495035,0.00014137473726012634,0.018448573177548548,5.456018214978707e-06,0.000369822664615759,0.02631986520649059,0.0011242124482759017,5.924173462781021e-05,0.00027638562092014124,0.017856199356956877,0.9174042448395141,0.00029383046218142353,0.06128931573900499,3.457994003902475e-05,0.01191642382916713,0.030747271281135868,0.0011303647789585652
0.0,0.0,0.0,0.0,0.0,0.0,0.0,0.0,0.0,0.0,0.0,1.0,0.0,0.0,0.0,0.0,0.0,0.0,3.3207035928583672e-06,0.014818742787217407,0.015474503895030346,0.04110974062292158,4.610106623224369e-06,0.0003308312422962194,0.006279535087241444,0.0005024336188159223,2.3507978881279308e-05,0.003474797843898818,0.002237873618393912,0.9634336791380431,0.045960723545719236,0.01899217309421563,0.009131770844554117,0.0061527265356278215,0.00836590359474365,0.0025180297860354557
0.0,0.0,0.0,0.0,0.0,0.0,0.0,0.0,0.0,0.0,0.0,1.0,0.0,0.0,0.0,0.0,0.0,0.0,9.509926119045363e-06,0.0005807854801136056,0.00074736231244763,0.011021294283398498,1.051882403573351e-06,0.001282521568454025,0.038339228853550913,0.0003232884470636146,0.0002615126016888089,0.00381909024759888,0.03432435400646632,0.9849670829766737,0.021989428838952205,0.009156607129246956,0.001392444893165964,0.003983171572310675,0.04610086103298322,0.011094292206063242
0.0,0.0,0.0,0.0,0.0,0.0,0.0,0.0,0.0,0.0,0.0,1.0,0.0,0.0,0.0,0.0,0.0,0.0,2.3642594831273316e-06,0.0020517562388673864,0.0005172270793653973,0.08346975467463078,3.098766425596543e-06,0.0001655542620648898,0.005489291158407329,0.001376555686717467,7.602762208828272e-05,0.0002830983818225085,0.04084491938547027,0.9016904505743033,0.0009529548483687247,0.03560510490652112,0.00034441684071091473,0.010391721303859803,0.032913442183107565,0.002473244516093441
0.0,0.0,0.0,0.0,0.0,0.0,0.0,0.0,0.0,0.0,0.0,1.0,0.0,0.0,0.0,0.0,0.0,0.0,6.41501579753132e-06,0.013044050018638963,0.04658703794755667,0.02612162258729611,2.9330863876858393e-05,0.022680554385238895,0.0008924857151400369,0.050980709767539906,0.004468392302440626,0.008209738051728407,8.588876357502863e-05,0.9348052564165028,0.0006496777130657158,0.0008871097295508661,1.0663945936491517e-06,0.0042558553231370555,0.00017728507998083476,2.48063678742796e-05
0.0,0.0,0.0,0.0,0.0,0.0,0.0,0.0,0.0,0.0,0.0,1.0,0.0,0.0,0.0,0.0,0.0,0.0,3.056163526574407e-07,0.0040291694635607965,0.000816487645787316,0.01680853687612495,8.90903588151301e-07,0.0009953303853401823,0.006263738150019918,0.00042796771431993124,3.761533044212834e-05,0.0007701986169811418,0.001603503797075769,0.9768963450673276,0.035213359434883316,0.0005894237748387283,0.003306329943474055,0.00027293830548322896,0.00739249747031281,0.023831765065664152
0.0,0.0,0.0,0.0,0.0,0.0,0.0,0.0,0.0,0.0,0.0,0.0,1.0,0.0,0.0,0.0,0.0,0.0,0.00011349833572785561,0.00017855935867121015,5.867336645555174e-06,0.00015862198699818897,4.185698709081158e-05,0.012918881844976972,0.016127698179939184,0.006392331363847417,0.0022844505423225596,0.007437194193178815,0.09333928818504675,0.016293735922872806,0.9297529718355283,0.0003800183584435942,0.00019741058403813962,0.0013957604395394912,5.0532183029375655e-05,0.05551910662767697
0.0,0.0,0.0,0.0,0.0,0.0,0.0,0.0,0.0,0.0,0.0,0.0,1.0,0.0,0.0,0.0,0.0,0.0,0.0002650505661735104,0.0002092948817760858,1.4966777795619903e-05,4.4962576746842045e-05,7.230664827095782e-05,0.007668608944390374,0.0004027540777129808,0.055826947124110314,0.004119715987035108,0.06653783477027235,0.04151824596710138,0.05048147886526811,0.9573982676305803,0.001438407986083066,3.837688342544482e-05,0.0023626130025155576,6.259962199627458e-06,0.005281818191225052
0.0,0.0,0.0,0.0,0.0,0.0,0.0,0.0,0.0,0.0,0.0,0.0,1.0,0.0,0.0,0.0,0.0,0.0,0.000327737285128534,0.003554268037068793,3.1087780179855537e-06,1.8665065686524281e-06,0.0002538637496727277,0.0019673348944578275,0.004897151931005645,0.05132520367393971,0.00011706690353013677,0.006552394933597485,0.05562422837648318,0.005619320128667607,0.9074498427037591,0.0007430765758762957,0.0010753262193118672,0.0017131185007768,9.503151243139558e-05,0.06070988403197951
0.0,0.0,0.0,0.0,0.0,0.0,0.0,0.0,0.0,0.0,0.0,0.0,1.0,0.0,0.0,0.0,0.0,0.0,0.0002177942634616387,0.005238142696420522,4.171708898797566e-05,2.4983856041186e-06,0.0025687250997291655,0.004073076587926147,0.0668798461038775,0.020246093520519377,0.00017856463147006044,0.0009994505628292615,0.02844002824959564,0.00081205695604866,0.9495743347993424,0.009958857045229813,0.006698944240954709,5.0193936384437774e-05,7.195426094458532e-07,0.02696369449234123
0.0,0.0,0.0,0.0,0.0,0.0,0.0,0.0,0.0,0.0,0.0,0.0,1.0,0.0,0.0,0.0,0.0,0.0,6.4471720471666095e-06,0.008438369857184833,0.004003581180010983,0.00011415080950776465,0.0037898310154878888,0.0006230609461473489,6.569608673279201e-05,0.02061604598000821,1.2363326767127335e-05,0.0002588567524312345,0.0010183202931409784,0.023052278663844093,0.8862245879017697,0.02265719038524217,0.07408125600317948,0.002724285378653721,5.476317938601239e-07,0.016349759340707197
0.0,0.0,0.0,0.0,0.0,0.0,0.0,0.0,0.0,0.0,0.0,0.0,1.0,0.0,0.0,0.0,0.0,0.0,0.00011344828436045185,0.00010891167750640418,2.0024375669318635e-06,5.99158658382207e-06,1.76011415499922e-05,0.01142877300362353,0.005046093832070269,0.002906653287049972,0.00015929915971905033,0.04319661778826426,0.016125751908765296,0.021726588351693644,0.906943506330548,0.00031985452725343097,0.0003373562389885278,0.004364508057722363,6.225305175024472e-05,0.02764461299593017
0.0,0.0,0.0,0.0,0.0,0.0,0.0,0.0,0.0,0.0,0.0,0.0,1.0,0.0,0.0,0.0,0.0,0.0,1.8678790336756143e-05,0.0497587864519445,0.001269758679094522,0.00018990397900428218,0.00013067839002941088,0.00037030626553034705,0.001052761642343114,0.006218839028392695,4.698970220512325e-06,0.0026046486056994556,0.0004169304034321304,0.06999241569921266,0.9670422352381707,0.025307766260013503,0.055455802097553755,0.0007628921744039544,1.0575720747364158e-05,0.013680095702059464
0.0,0.0,0.0,0.0,0.0,0.0,0.0,0.0,0.0,0.0,0.0,0.0,1.0,0.0,0.0,0.0,0.0,0.0,0.00013059550342451378,0.00039844150095567996,3.80626048564334e-06,1.3967904590690401e-05,2.4867497705346887e-05,0.002139904947123847,0.0023790217786534965,0.008472271120953905,0.00022505080048208328,0.02304874494754879,0.04160554367808303,0.025942394215350478,0.9569619428191035,0.000788013781190415,0.0004268009686846201,0.0013664386516739234,3.245707255353272e-05,0.03985701200396088
0.0,0.0,0.0,0.0,0.0,0.0,0.0,0.0,0.0,0.0,0.0,0.0,0.0,1.0,0.0,0.0,0.0,0.0,0.005468187219504753,0.01882283902994768,0.00010325644653534222,0.010747140547703296,0.05675101491405377,0.03403635251362354,0.03606588756451457,0.014087017791389723,0.00043562300220308933,0.020040378018746648,4.318196897394953e-05,8.246594016057756e-06,2.7247130010120337e-05,0.9152024868639703,4.827560005442749e-05,0.046955746356015016,5.9964984732911665e-05,6.682816212312531e-06
0.0,0.0,0.0,0.0,0.0,0.0,0.0,0.0,0.0,0.0,0.0,0.0,0.0,1.0,0.0,0.0,0.0,0.0,0.06101632027785142,0.0003388983486873615,1.789769456096403e-05,4.396002903498986e-06,0.000515176598988614,0.0787642912572447,0.0030279468678779836,0.0007655356588671254,0.005269184460953173,0.01986261485260863,0.0712171359004653,0.000156856827740409,0.04073395608095966,0.8931685175416372,0.018130731061245936,5.442761903276743e-05,1.7423794741331656e-05,3.3130215093537406e-05
0.0,0.0,0.0,0.0,0.0,0.0,0.0,0.0,0.0,0.0,0.0,0.0,0.0,1.0,0.0,0.0,0.0,0.0,0.008157525273446396,0.020969398726512056,0.014878814829367324,0.00673287154333039,0.001933634002121538,0.023611440939967625,0.010692947258585793,0.002646902481586337,0.0007395890511147756,0.0019455178336511096,0.0003425892653571359,0.0025000495704133163,9.381723330597115e-06,0.9648965525616341,9.833985335463829e-05,0.001510207749197589,0.0014999917860194752,1.4267017049261152e-06
0.0,0.0,0.0,0.0,0.0,0.0,0.0,0.0,0.0,0.0,0.0,0.0,0.0,1.0,0.0,0.0,0.0,0.0,0.021139810418490446,0.012197878447315576,0.001178007634495599,0.00010179749085874329,0.002456532475363889,0.05454848865366214,0.016238018212572994,0.0011254553108024426,6.379660134261096e-05,0.07764410763245402,0.00013079739199996207,0.004964525214810352,0.0005333960063747073,0.9981129257306728,0.00344852511341949,0.0008938147911471026,0.002060025501645703,1.263232338622272e-06
0.0,0.0,0.0,0.0,0.0,0.0,0.0,0.0,0.0,0.0,0.0,0.0,0.0,1.0,0.0,0.0,0.0,0.0,0.0028923918953070856,0.01575673497895666,0.0005921111931235285,0.00022893888087990093,0.022863464924439223,0.0018202767760726356,0.000855442590061417,0.002946482041711711,0.00011595645418396572,0.011905759449188019,0.0013177311171201015,4.26212445552675e-05,2.265005577182294e-05,0.9575103509373658,0.0003407202144815004,0.0018770208711174252,2.7085748130481805e-05,1.6271931613971088e-07
0.0,0.0,0.0,0.0,0.0,0.0,0.0,0.0,0.0,0.0,0.0,0.0,0.0,1.0,0.0,0.0,0.0,0.0,0.0009886547923122267,0.0003217718114627043,5.4356859781962584e-05,0.013268054525091146,0.06399162323710555,0.030024673542518247,0.0011155213147426982,0.046857102164903436,0.033475620091984064,0.00014079745687704435,0.0072835243353487015,0.00013332973886390418,8.774869530425291e-05,0.9907097936757062,0.0003312794973448053,0.00042324267116687663,8.029231033146187e-06,3.9816128782304997e-05
0.0,0.0,0.0,0.0,0.0,0.0,0.0,0.0,0.0,0.0,0.0,0.0,0.0,1.0,0.0,0.0,0.0,0.0,7.077426621237064e-05,0.001603756126120168,0.0003772152407005435,0.0008956473023821669,0.0001658813376391546,0.000539550765257981,0.06826589695043585,0.0011870441440851108,1.513957184436862e-06,0.0011893605871259251,0.0004611845718555526,0.05591852479666222,0.051843587714016114,0.8836468628869942,0.0021087300933896958,0.04420138467465686,0.0002739015135033944,0.0018614493858657506
0.0,0.0,0.0,0.0,0.0,0.0,0.0,0.0,0.0,0.0,0.0,0.0,0.0,1.0,0.0,0.0,0.0,0.0,0.00045384174971688343,0.017307558548647777,3.98552057633025e-05,0.049808413108505645,0.018376187731028892,0.00041725462009349596,0.015297667007620537,0.009460982066222671,0.0020088926910769712,0.02474851979208704,0.014060538875274071,0.00020534921986872714,1.6740632028830955e-06,0.9412463615768618,1.5799017054219052e-05,0.0008454733619393112,0.0004064822510588749,7.982129153149363e-07
0.0,0.0,0.0,0.0,0.0,0.0,0.0,0.0,0.0,0.0,0.0,0.0,0.0,0.0,1.0,0.0,0.0,0.0,0.003424963361899623,0.01121406761587913,0.09902179527153754,0.0002851534869936413,0.04005358532522001,3.714869235321282e-05,0.0003825802810168148,6.119053459381674e-05,0.0001271439837757861,0.0002132662419080391,0.011590560593984934,0.0005239076966294067,0.0001646945103452251,0.0030730334616707483,0.8708527768185393,0.0031965460150723485,0.08004883211157027,0.0001880096722088352
0.0,0.0,0.0,0.0,0.0,0.0,0.0,0.0,0.0,0.0,0.0,0.0,0.0,0.0,1.0,0.0,0.0,0.0,0.000898546965746292,0.0004775794665366789,0.021171250899257272,0.0018927094067039945,0.004333057291509237,3.6818921423202074e-05,0.0006878017370373796,2.605384300913117e-05,0.001834975545771455,2.7359541575444717e-06,0.0363835770012838,0.004314132161894396,0.00024385131658481542,0.015338250532380084,0.9155192981303959,4.7774950796994434e-06,0.06255456593428041,0.003977659989545251
0.0,0.0,0.0,0.0,0.0,0.0,0.0,0.0,0.0,0.0,0.0,0.0,0.0,0.0,1.0,0.0,0.0,0.0,0.015950752931220634,0.07131823162935239,0.027714011391443645,8.304144427086176e-05,0.01029566890209614,0.0002379400684726204,0.016334120770049195,9.84493965362518e-06,1.2957364729614443e-06,0.00041839993033809895,6.1028188655340165e-06,2.3490310983230517e-05,0.0018515471114711024,0.0018950161364004688,0.883040460378991,0.00019600559829303818,0.022302622664364058,0.014210584126739348
0.0,0.0,0.0,0.0,0.0,0.0,0.0,0.0,0.0,0.0,0.0,0.0,0.0,0.0,1.0,0.0,0.0,0.0,0.00010757977981641064,0.001015284919061046,0.019642952880403543,0.00011539128254067358,0.03565361384154669,0.0001691956951070587,0.000489018155999171,9.696961822973317e-05,0.0008413152871763722,3.42151821605065e-05,0.03594659082040131,0.015836630270336615,0.004393301834431766,0.000954906992048401,0.9665101878913314,8.20488525427866e-07,0.003719708575299697,0.04087758178559574
0.0,0.0,0.0,0.0,0.0,0.0,0.0,0.0,0.0,0.0,0.0,0.0,0.0,0.0,1.0,0.0,0.0,0.0,0.001066059445976693,0.0014652922991588917,0.001726846391503988,3.5929381239600973e-06,0.0026429437111061722,0.0014987777403126165,0.0037592231589132987,5.27551415849813e-06,0.00019557825742182245,0.00014312800185046346,0.0035080777179465257,0.0004763301142949239,0.007791101084945707,4.022536373471599e-05,0.994611804282279,5.530028032630994e-06,0.04708747422021005,0.009218287185913275
0.0,0.0,0.0,0.0,0.0,0.0,0.0,0.0,0.0,0.0,0.0,0.0,0.0,0.0,1.0,0.0,0.0,0.0,0.03544217703159071,0.00039531748338245815,0.005144095616485098,1.3911513818997162e-05,0.03302105905285472,0.0011114141063002679,3.836376417455285e-05,3.653926135668977e-05,6.0566203607560834e-05,3.171350142521604e-05,8.167577608655607e-05,9.777358620203495e-06,0.004433150739768007,0.0008657174521562295,0.9488664798160406,0.0005428787047767131,0.00473801140370662,0.0572514881476506
0.0,0.0,0.0,0.0,0.0,0.0,0.0,0.0,0.0,0.0,0.0,0.0,0.0,0.0,1.0,0.0,0.0,0.0,0.007031949312515694,0.00043148193457742613,0.036425672334106485,4.894766212790257e-05,0.03694904231554324,0.0008406582805224094,3.913240053026457e-05,3.846583097282347e-05,0.00019992047218293752,2.1791663062853005e-05,0.00015759609383467424,0.00010118456053903051,0.001972226004559588,0.00023863131569268415,0.9374344050133916,0.0004931448033823494,0.009888895383285435,0.023817849881051244
0.0,0.0,0.0,0.0,0.0,0.0,0.0,0.0,0.0,0.0,0.0,0.0,0.0,0.0,1.0,0.0,0.0,0.0,0.000946163637670619,0.003226700116605994,0.024512753551877743,3.994500976017721e-05,0.0012482399908951606,0.0012086973976181972,0.0008234924436705486,7.761271954360158e-05,0.001459130458187187,7.670021745552469e-05,0.01441072349957951,0.010527662397914167,0.01316407262397287,4.540070196606857e-06,0.937713862632673,0.0005617892052106395,0.061263829821401106,0.040822093543237514
0.0,0.0,0.0,0.0,0.0,0.0,0.0,0.0,0.0,0.0,0.0,0.0,0.0,0.0,0.0,1.0,0.0,0.0,0.0003179860072777648,0.002547021469573803,2.7779757086804045e-05,0.0016702490894309114,1.8957444365319103e-05,0.001205435081861113,0.003151719219876689,0.0007510965663535025,2.9438038012648766e-07,8.51434507886572e-05,5.778751552993147e-05,6.458451590077597e-05,9.629818970768057e-06,0.0052158501808261225,5.118830697565829e-06,0.9421238479296117,0.0047821730743667894,0.0021776258599370355
0.0,0.0,0.0,0.0,0.0,0.0,0.0,0.0,0.0,0.0,0.0,0.0,0.0,0.0,0.0,1.0,0.0,0.0,0.013329745550905915,0.007893317521672293,0.00043316088708596125,0.0035053976437308793,0.0032202543853695033,0.00025122988545405535,0.00033934190456806195,0.0004251560204022814,5.806704660766088e-07,0.015218274177624226,0.0017196271104811228,2.7189414896765856e-05,1.7358094552130043e-07,0.04937653241777445,1.2108265585319e-05,0.96281348279914,0.04319636467972662,0.0012789067184333478
0.0,0.0,0.0,0.0,0.0,0.0,0.0,0.0,0.0,0.0,0.0,0.0,0.0,0.0,0.0,1.0,0.0,0.0,3.189248311982245e-05,0.004827547758911974,0.0002850006899817225,0.003334150888575083,7.004965381343097e-05,0.00022288754642618605,0.012712271352428143,0.003454191256939014,2.2666357035866064e-06,0.006209302175407384,0.0014563209880231957,0.07232188637048888,0.0002915669606306839,0.025854198645292065,1.472181216767395e-05,0.9129615007020992,0.013570252220286572,0.0002455973945695436
0.0,0.0,0.0,0.0,0.0,0.0,0.0,0.0,0.0,0.0,0.0,0.0,0.0,0.0,0.0,1.0,0.0,0.0,3.6650899126320845e-05,0.003929451240967179,0.0015115686792303857,4.844283613412258e-06,0.03719007290758643,0.016208455832604586,0.0003573955270874704,0.059041887149278216,9.385793820787818e-06,0.0018491650742103937,0.002326149060787828,0.011123320381003396,0.04214383478903993,0.0007187889027136481,0.001366128995905402,0.9247718209055605,3.8101381009180606e-05,0.01014849331464047
0.0,0.0,0.0,0.0,0.0,0.0,0.0,0.0,0.0,0.0,0.0,0.0,0.0,0.0,0.0,1.0,0.0,0.0,0.00022076522213596085,0.0006358567293770565,0.0005108578415427991,4.5883587093866314e-05,0.0031508645882384508,0.005058340122662539,3.25973588408863e-05,0.032553366891659066,9.260242529987361e-05,0.00016132020899811906,0.004140116696775587,0.0005411707484939543,0.002166683195696934,1.577497277242812e-05,3.561042445729753e-05,0.9267731543707722,4.0047336252835056e-05,0.056572919922946316
0.0,0.0,0.0,0.0,0.0,0.0,0.0,0.0,0.0,0.0,0.0,0.0,0.0,0.0,0.0,1.0,0.0,0.0,0.00040942526467325135,0.06896179968259777,0.0007230812131683308,0.04347421423310027,0.0002623112752565655,0.0053437017888039295,0.010168854535083621,0.011316521255457632,1.7591555026663326e-05,0.0008722339643537375,8.635628883529896e-05,0.0006214647143083465,0.00011890981664654604,0.0038129645296516535,1.3212693244579036e-05,0.9563189274368932,0.002289066982206337,0.004476149490874889
0.0,0.0,0.0,0.0,0.0,0.0,0.0,0.0,0.0,0.0,0.0,0.0,0.0,0.0,0.0,1.0,0.0,0.0,0.00026067489650329566,0.029510755891839574,0.00031176065236008393,0.005083482053172123,0.00038344552549239645,0.0025847223751859346,0.020275662425841463,0.004110885563214221,4.430156039203929e-06,0.036119720433087046,0.0028358927755109536,0.007818295228574515,0.000776236995135491,0.03760478393194066,3.120373902215074e-05,0.9311001881332152,0.04575876287948326,0.00012807566303210593
0.0,0.0,0.0,0.0,0.0,0.0,0.0,0.0,0.0,0.0,0.0,0.0,0.0,0.0,0.0,1.0,0.0,0.0,0.00013885181742154688,0.0024360580062272098,2.157311944426571e-05,0.0048902903773884576,3.7334278746884995e-05,0.0006881448944360724,0.007439199457360979,0.001012572084254981,6.160020939322761e-07,0.00015060997549216912,8.055140687937283e-05,8.066263356482591e-05,1.015950957676502e-05,0.007172622231144614,3.0920799429722336e-06,0.9267428629285824,0.003539140808019893,0.0010782152774398187
0.0,0.0,0.0,0.0,0.0,0.0,0.0,0.0,0.0,0.0,0.0,0.0,0.0,0.0,0.0,0.0,1.0,0.0,0.00033786265230905863,0.0001743068341044084,0.0004199755621209706,0.004395105313424372,5.02633279779846e-05,0.0002056302225880179,0.05723393443028123,5.343573086936875e-05,4.128251738033284e-05,5.564906491645489e-06,0.00042313632358776266,0.004508089224847514,7.753306215531654e-07,0.00016636267912657077,0.00047756818008775405,0.04322228076310854,0.9086155584417783,0.0039013132942718035
0.0,0.0,0.0,0.0,0.0,0.0,0.0,0.0,0.0,0.0,0.0,0.0,0.0,0.0,0.0,0.0,1.0,0.0,0.0006782410244145971,0.01894760033981877,0.019424685540182486,0.0016710960410684455,0.0001189713739259209,2.190362764661277e-05,0.0010564446190136799,9.545154467241962e-06,2.7897604918990012e-05,0.0006264051677387064,0.000796634797276029,0.008466758029677397,7.684469765342277e-06,8.639998385495231e-06,0.07043503642072983,0.0008738232410839794,0.9201532199794282,0.0009909821250770497
0.0,0.0,0.0,0.0,0.0,0.0,0.0,0.0,0.0,0.0,0.0,0.0,0.0,0.0,0.0,0.0,1.0,0.0,0.0011887642613408276,0.003969950317370692,0.0011835399967114178,0.014728623493581757,1.8449532729742453e-05,0.00028413620240172986,0.008566873741620518,1.5577295112755187e-05,3.2881105757244487e-05,8.969968159427437e-05,0.0024514862379728694,0.008575556809527889,3.0137875939288293e-06,0.0008018336998951598,0.030959382012404012,0.02140268393183512,0.9724789611831219,0.0051717094533268995
0.0,0.0,0.0,0.0,0.0,0.0,0.0,0.0,0.0,0.0,0.0,0.0,0.0,0.0,0.0,0.0,1.0,0.0,0.003519256804312443,0.01761109636143873,0.060160301690399196,0.01456351424344974,0.0002104246917109777,8.08010621126706e-06,0.0003446374414077022,1.6044624517849494e-05,5.623042415869372e-05,0.0006590027445423772,0.0014415892873452987,0.003999954906076845,1.8560762878985605e-06,4.080891867986934e-05,0.021608103226843724,0.01002887893528063,0.9459158145133693,0.0006196539911177422
0.0,0.0,0.0,0.0,0.0,0.0,0.0,0.0,0.0,0.0,0.0,0.0,0.0,0.0,0.0,0.0,1.0,0.0,0.0032652936336260664,0.013130334032636049,0.012282471157007547,0.02143416866397242,0.00047262299469301363,9.91860732672392e-06,0.004954521181720622,1.5311389830727658e-05,6.838472886583226e-05,0.0006194404008472637,0.005013247497499658,0.002403129641358912,8.704852002880669e-07,0.0005958192690379729,0.030860396961285685,0.01021762569862265,0.9658432241251804,0.00038147010586659665
0.0,0.0,0.0,0.0,0.0,0.0,0.0,0.0,0.0,0.0,0.0,0.0,0.0,0.0,0.0,0.0,1.0,0.0,0.005384714586610848,0.010819826295909113,0.07933894692013553,0.018125232698040814,0.0005469769503760424,0.00018194785023293637,0.0006309748353611072,7.50538168224682e-05,0.0005430511372302616,5.508205615357344e-05,0.00022170810167749762,0.010311189715629228,3.57285905855269e-05,2.737857190064823e-05,0.05634695344895754,0.00020038345887581234,0.9220825691526827,0.07262596813297578
0.0,0.0,0.0,0.0,0.0,0.0,0.0,0.0,0.0,0.0,0.0,0.0,0.0,0.0,0.0,0.0,1.0,0.0,0.0035623973986415236,0.004586602344944885,0.01872718539610466,0.021240556148900386,0.00020148908338669627,7.943600477051586e-06,0.0004036013861936214,2.19700935329956e-05,0.00020807088628599902,0.00012157927426160398,0.011198885236521652,0.007155351045723186,1.6186302506487323e-06,0.00033470347742719744,0.03913985086321336,0.0031318031756401945,0.9604190119642254,0.0013250506082717784
0.0,0.0,0.0,0.0,0.0,0.0,0.0,0.0,0.0,0.0,0.0,0.0,0.0,0.0,0.0,0.0,1.0,0.0,0.0027632291322980114,0.02217710855039024,0.02491576061904153,0.047446986403332066,0.002413597005045782,4.002115352148254e-06,0.02854824155528743,2.022927130896398e-05,0.0001373602147422163,0.0005857847387985198,0.009072413719358637,0.001685897931138187,1.2274877549376133e-06,0.002477999821169073,0.05397920768742064,0.0047722635344359205,0.9161671903747564,0.00017203697032418483
0.0,0.0,0.0,0.0,0.0,0.0,0.0,0.0,0.0,0.0,0.0,0.0,0.0,0.0,0.0,0.0,0.0,1.0,0.0005410373746748837,7.715451003259446e-06,0.013428049911514934,0.007223053738535956,0.06657612242260921,0.003435007695496243,0.003157995169300401,0.0033962294802682425,0.0032087664624123454,5.386324924827139e-08,0.004047013528417342,0.004987691176448406,0.00029121704756426045,0.006713081374594841,0.0442044435423303,0.0016100185431417947,0.0016492306855059493,0.9440004248280403
0.0,0.0,0.0,0.0,0.0,0.0,0.0,0.0,0.0,0.0,0.0,0.0,0.0,0.0,0.0,0.0,0.0,1.0,0.00020764365762293357,0.011240270723609069,1.7507227999419146e-05,2.9097363513276534e-05,0.0005087757604048141,0.03442075633998771,0.02491884739121127,0.017981601042240804,2.031510650449056e-06,0.018814600066808043,0.0024125265023115946,0.02216680338339527,0.059959381749721145,0.0005966680522819334,0.0007032668162307296,0.04249522884439672,0.0017967006779563924,0.9190657905297207
0.0,0.0,0.0,0.0,0.0,0.0,0.0,0.0,0.0,0.0,0.0,0.0,0.0,0.0,0.0,0.0,0.0,1.0,0.05300762846574433,1.940342871759004e-05,0.0012164347748071119,2.293065821621856e-05,0.030033037820703847,0.007424953727932818,0.017208803674920226,0.0003980841332588968,0.0011533673801360032,1.9315385202892713e-05,0.00032942434551901204,8.238433735031955e-06,0.05171307144643255,8.280675752204197e-05,0.05245703322778918,0.0017177440415860053,2.8452908354591077e-05,0.9330715433989889
0.0,0.0,0.0,0.0,0.0,0.0,0.0,0.0,0.0,0.0,0.0,0.0,0.0,0.0,0.0,0.0,0.0,1.0,0.00011290788659494307,6.820020020130316e-06,2.472100777588586e-06,0.0007457931497342823,0.00019532177929317983,0.06402726326833769,0.08110279350392724,0.00047310542128587845,0.009591905842649467,0.0001534940376019857,0.023277381188772348,0.000980388902195115,0.001332181968262885,3.716680101121349e-06,0.00044635338016548007,0.0007464736132869221,0.0007778614547827104,0.9334393568170096
0.0,0.0,0.0,0.0,0.0,0.0,0.0,0.0,0.0,0.0,0.0,0.0,0.0,0.0,0.0,0.0,0.0,1.0,0.0009249990085119902,7.058550425628533e-05,2.7720781712702217e-07,2.9376240718760288e-05,0.00012386328467750308,0.0659109923972766,0.0019959452626287294,0.0024312193434413787,3.760722358189541e-05,0.00023702390206946472,0.018269153612077912,4.31479492610888e-05,0.0034030356184509706,0.00026242729826330677,0.00032784728349765643,0.052274849095654344,0.00014365598450515694,0.9293221526832183
0.0,0.0,0.0,0.0,0.0,0.0,0.0,0.0,0.0,0.0,0.0,0.0,0.0,0.0,0.0,0.0,0.0,1.0,8.354854255338181e-06,3.224661543511182e-05,2.2870953371985032e-05,0.0013194425868200464,0.0041935093384672,0.015587731986613026,9.383658650894338e-05,0.06975099369833597,0.0001396641544606774,1.412518411159867e-05,0.02443227398621627,0.012960989372789762,0.00024034785461115958,0.0005790295382618289,2.3270326099999643e-05,0.016467807205359716,5.226613122962543e-05,0.9623627670188124
0.0,0.0,0.0,0.0,0.0,0.0,0.0,0.0,0.0,0.0,0.0,0.0,0.0,0.0,0.0,0.0,0.0,1.0,1.500372122171494e-06,0.0001080680577814352,5.233683921840261e-05,0.10256983296114283,0.0006868273464052326,9.8367003248363e-05,0.0021773731903123677,0.008258282335988116,0.035406441923892244,7.264419560788504e-08,0.015565510774407192,0.021215221441978033,0.00409504955146625,1.0422994817060685e-05,0.01263610121126662,4.6385750706975845e-06,0.003673681576862589,0.84851250549125
0.0,0.0,0.0,0.0,0.0,0.0,0.0,0.0,0.0,0.0,0.0,0.0,0.0,0.0,0.0,0.0,0.0,1.0,0.004254515789905881,0.0005698998724916006,5.939872012081466e-06,3.413946218878302e-05,0.0006389005339066063,0.07273521210540447,0.0026256381475024,0.017917229218894964,0.000236550082047846,0.0004369753626574478,0.028487032380354268,0.00010406174659036868,0.031050963596997466,0.0005201300901932622,0.00026747561421618603,0.007736784655508117,2.9836749120115556e-05,0.9304867092482936
